sub,guid
10000,NDAR_INVRK288RK1
10001,NDAR_INVLM991PFE
10002,NDAR_INVNH471AC7
10003,NDAR_INVTX114NBB
10004,NDAR_INVRM065UYZ
10005,NDAR_INVZB784AK1
10006,NDAR_INVUM157GDM
10007,NDAR_INVZE712PVQ
10008,NDAR_INVUU708YLR
10009,NDAR_INVBU680CJB
10010,NDAR_INVBV515GHW
10011,NDAR_INVMU242RV9
10012,NDAR_INVEA487KTL
10013,NDAR_INVZW011DR7
10014,NDAR_INVHY277KBF
10015,NDAR_INVME484JPK
10016,NDAR_INVRL560GJM
10017,NDAR_INVNF295HBM
10018,NDAR_INVAU437JCU
10019,NDAR_INVDK474JCB
10020,NDAR_INVLT530XWR
10021,NDAR_INVZK288GW7
10022,NDAR_INVZZ376JL3
10023,NDAR_INVAK126RT8
10024,NDAR_INVKT330UHN
10025,NDAR_INVYE459CHV
10026,NDAR_INVZL491LVF
10027,NDAR_INVYN617CC1
10028,NDAR_INVCC384GVE
10029,NDAR_INVNH158BNV
10030,NDAR_INVWU689TKT
10031,NDAR_INVMW355CXP
10032,NDAR_INVHN057KWZ
10033,NDAR_INVXV482LBG
10034,NDAR_INVTN279KNU
10035,NDAR_INVBZ015EM2
10036,NDAR_INVVM583ANA
10037,NDAR_INVRZ972WBB
10038,NDAR_INVRC731FT2
10039,NDAR_INVWD087XEM
10040,NDAR_INVTH513ECE
10041,NDAR_INVWY794XE2
10042,NDAR_INVTT981DEA
10043,NDAR_INVLK984EGF
10044,NDAR_INVXV372KRM
10045,NDAR_INVDR446FAM
10046,NDAR_INVNW387BW9
10047,NDAR_INVFN854TEP
10048,NDAR_INVET237EZ5
10049,NDAR_INVMU896RRK
10050,NDAR_INVCE766BYT
10051,NDAR_INVEY297WYE
10052,NDAR_INVMM449PGV
10053,NDAR_INVDF660ULX
10054,NDAR_INVKZ153GME
10055,NDAR_INVNL638TJK
10056,NDAR_INVJV158ZW9
10057,NDAR_INVEZ123LXT
10058,NDAR_INVVY076NLN
10059,NDAR_INVJC275ZTG
10060,NDAR_INVBE048NLR
10061,NDAR_INVUN524TK1
10062,NDAR_INVBN208GWR
10063,NDAR_INVUX574FDN
10064,NDAR_INVYT412WVZ
10065,NDAR_INVHM154FT5
10066,NDAR_INVNL766WG8
10067,NDAR_INVYL416GCK
10068,NDAR_INVUF282DH1
10069,NDAR_INVBA081DPH
10070,NDAR_INVPC312JYW
10071,NDAR_INVZC995EP8
10072,NDAR_INVXT765JK7
10073,NDAR_INVCY862WC5
10074,NDAR_INVUN236MAU
10075,NDAR_INVXE563CK5
10076,NDAR_INVZD663ZK8
10077,NDAR_INVWP291MWW
10078,NDAR_INVDY624ABL
10079,NDAR_INVBP626LJ4
10080,NDAR_INVDK783CRM
10081,NDAR_INVYC023ZXY
10082,NDAR_INVLL350CYH
10083,NDAR_INVWD311ZYR
10084,NDAR_INVKU729LCY
10085,NDAR_INVKJ356FBH
10086,NDAR_INVHY579PE2
10087,NDAR_INVKL354UXU
10088,NDAR_INVAE539TL4
10089,NDAR_INVVV941RX4
10090,NDAR_INVGX970MWF
10091,NDAR_INVFA326UD7
10092,NDAR_INVEA739RDA
10093,NDAR_INVEG285TEH
10094,NDAR_INVHM374TKY
10095,NDAR_INVNR829TDX
10096,NDAR_INVMN189PNT
10097,NDAR_INVFP193JC1
10098,NDAR_INVMP005RD0
10099,NDAR_INVDL839KYA
10100,NDAR_INVCT353GR1
10101,NDAR_INVNY710AAH
10102,NDAR_INVGL262CW3
10103,NDAR_INVGR919PR9
10104,NDAR_INVBJ902YXZ
10105,NDAR_INVWV877FRZ
10106,NDAR_INVAD723NJB
10107,NDAR_INVTP390HK6
10108,NDAR_INVBL844ZX8
10109,NDAR_INVDE744YAB
10110,NDAR_INVXU948RFB
10111,NDAR_INVNH620YMA
10112,NDAR_INVFZ890ZKU
10113,NDAR_INVYR780AML
10114,NDAR_INVWG454LNC
10115,NDAR_INVZT610DE5
10116,NDAR_INVXA928ZKX
10117,NDAR_INVXX380DPY
10118,NDAR_INVKM296CNP
10119,NDAR_INVLD174UHJ
10120,NDAR_INVVX157LRR
10121,NDAR_INVLX419VAX
10122,NDAR_INVMW294XR8
10123,NDAR_INVXR992GXF
10124,NDAR_INVKF858ET1
10125,NDAR_INVYE386GAV
10126,NDAR_INVEA391NB2
10127,NDAR_INVHL356WXV
10128,NDAR_INVNN471LMR
10129,NDAR_INVKM318FLP
10130,NDAR_INVCB588EN1
10131,NDAR_INVKM806RZ9
10132,NDAR_INVZG427KHH
10133,NDAR_INVUX377FKP
10134,NDAR_INVLN204XU3
10135,NDAR_INVBT280CXD
10136,NDAR_INVXM085NGC
10137,NDAR_INVJH793CF7
10138,NDAR_INVVU438WYW
10139,NDAR_INVMC694TZU
10140,NDAR_INVAC803AKZ
10141,NDAR_INVRM562CM0
10142,NDAR_INVXK550XF1
10143,NDAR_INVAM885DKT
10144,NDAR_INVYW676BWT
10145,NDAR_INVGA202UTK
10146,NDAR_INVPF334CTH
10147,NDAR_INVKT033FAP
10148,NDAR_INVHF030KY3
10149,NDAR_INVXJ611VPU
10150,NDAR_INVJP870PTX
10151,NDAR_INVMN342CFA
10152,NDAR_INVYL897TZ9
10153,NDAR_INVVJ149FKE
10154,NDAR_INVMP835WCB
10155,NDAR_INVRV515GNZ
10156,NDAR_INVYG292LN7
10157,NDAR_INVLR691ZBU
10158,NDAR_INVHU768VLY
10159,NDAR_INVCF385VXM
10160,NDAR_INVAW743HA1
10161,NDAR_INVVJ326AP4
10162,NDAR_INVWD191JNN
10163,NDAR_INVMH846PNX
10164,NDAR_INVCY682AHB
10165,NDAR_INVYB030UKA
10166,NDAR_INVEC206CME
10167,NDAR_INVHK819YAT
10168,NDAR_INVXL695CBH
10169,NDAR_INVWG948UX3
10170,NDAR_INVNP469ZZA
10171,NDAR_INVCT735NFB
10172,NDAR_INVJK018UGV
10173,NDAR_INVTL127GZV
10174,NDAR_INVPA572BWG
10175,NDAR_INVXN450LZR
10176,NDAR_INVMF437BWU
10177,NDAR_INVFB544MVD
10178,NDAR_INVGM683FNA
10179,NDAR_INVVG431UU3
10180,NDAR_INVBN890AHB
10181,NDAR_INVJE221PYK
10182,NDAR_INVEY040PB3
10183,NDAR_INVFT620GAN
10184,NDAR_INVBC055KCU
10185,NDAR_INVKC398CA9
10186,NDAR_INVJR673YY4
10187,NDAR_INVVF031MUA
10188,NDAR_INVZK568EZG
10189,NDAR_INVAD454MDB
10190,NDAR_INVWU743YF4
10191,NDAR_INVEW951XWF
10192,NDAR_INVEJ357PXH
10193,NDAR_INVXE997JWQ
10194,NDAR_INVMC123XH1
10195,NDAR_INVJG653EYB
10196,NDAR_INVNT745BJK
10197,NDAR_INVCX877PUD
10198,NDAR_INVNL857ZJQ
10199,NDAR_INVJD463UDC
10200,NDAR_INVPD968WTD
10201,NDAR_INVLY506FPN
10202,NDAR_INVAV817ZB0
10203,NDAR_INVKB931VYD
10204,NDAR_INVEN439RKT
10205,NDAR_INVNR569MA0
10206,NDAR_INVHC081NVG
10207,NDAR_INVPE470DJQ
10208,NDAR_INVBP715NBT
10209,NDAR_INVTA340ZKJ
10210,NDAR_INVUF704HX6
10211,NDAR_INVRF777GWU
10212,NDAR_INVRV627ZLD
10213,NDAR_INVTB549KEP
10214,NDAR_INVGF936BX6
10215,NDAR_INVLH176GKT
10216,NDAR_INVWM389RMQ
10217,NDAR_INVRF981DYU
10218,NDAR_INVKL866PRC
10219,NDAR_INVBB849XTD
10220,NDAR_INVNJ423ZZ8
10221,NDAR_INVFH422GKM
10222,NDAR_INVVR582GGY
10223,NDAR_INVYT725UCH
10224,NDAR_INVYJ582YDG
10225,NDAR_INVAK210LX9
10226,NDAR_INVWL446PM5
10227,NDAR_INVED650LRD
10228,NDAR_INVXV908XXL
10229,NDAR_INVPH845ZG5
10230,NDAR_INVGY665ZV7
10231,NDAR_INVET940PLG
10232,NDAR_INVVP785CM4
10233,NDAR_INVKR011CJ9
10234,NDAR_INVEH458DKH
10235,NDAR_INVYW113NE5
10236,NDAR_INVKM023TGV
10237,NDAR_INVVE444FUP
10238,NDAR_INVRJ206UMW
10239,NDAR_INVRW206TCT
10240,NDAR_INVGH521RJN
10241,NDAR_INVCJ351RPB
10242,NDAR_INVYD237WZC
10243,NDAR_INVZP865YJZ
10244,NDAR_INVEV771DWA
10245,NDAR_INVCH743EDW
10246,NDAR_INVGF557HXQ
10247,NDAR_INVGT787EA4
10248,NDAR_INVTB183HJV
10249,NDAR_INVEP656XFV
10250,NDAR_INVFR575VXQ
10251,NDAR_INVPF601TDK
10252,NDAR_INVRK942GMV
10253,NDAR_INVFD005ELL
10254,NDAR_INVGT681EJA
10255,NDAR_INVJN731FY3
10256,NDAR_INVJR533AKV
10257,NDAR_INVDY142PZ1
10258,NDAR_INVPW088LX9
10259,NDAR_INVCY189KLD
10260,NDAR_INVMW615FA9
10261,NDAR_INVAR649XLA
10262,NDAR_INVUC900VWK
10263,NDAR_INVFJ702TEX
10264,NDAR_INVFT231CDT
10265,NDAR_INVVM119KPU
10266,NDAR_INVNB814XTK
10267,NDAR_INVNE470TPK
10268,NDAR_INVJT763ALB
10269,NDAR_INVTB076DMD
10270,NDAR_INVTP456XP3
10271,NDAR_INVFP370EHZ
10272,NDAR_INVJT163UHN
10273,NDAR_INVCK487JKG
10274,NDAR_INVLM553LAE
10275,NDAR_INVUV484ZV3
10276,NDAR_INVTM070EPG
10277,NDAR_INVGC525EM3
10278,NDAR_INVLY088FCY
10279,NDAR_INVXL946JD8
10280,NDAR_INVHE124UW1
10281,NDAR_INVEX361XHP
10282,NDAR_INVEH613FHH
10283,NDAR_INVWX822NVK
10284,NDAR_INVWY737JY5
10285,NDAR_INVBT255PRL
10286,NDAR_INVBE365YCJ
10287,NDAR_INVPP057BG0
10288,NDAR_INVMB986HY2
10289,NDAR_INVAW524JEG
10290,NDAR_INVYC860TD7
10291,NDAR_INVTZ885HF5
10292,NDAR_INVJX099CKM
10293,NDAR_INVPB332LXC
10294,NDAR_INVKG540KRD
10295,NDAR_INVNG404DNY
10296,NDAR_INVEB686GAP
10297,NDAR_INVER391FRZ
10298,NDAR_INVJX098YZB
10299,NDAR_INVYE124TJT
10300,NDAR_INVNH726GZP
10301,NDAR_INVBT895RT5
10302,NDAR_INVYD001NUP
10303,NDAR_INVAT333RGH
10304,NDAR_INVBL972HWK
10305,NDAR_INVHX704YLX
10306,NDAR_INVLA323HEY
10307,NDAR_INVWW304RPG
10308,NDAR_INVLF451BP1
10309,NDAR_INVLU457YXY
10310,NDAR_INVTW136ALC
10311,NDAR_INVRW587AZW
10312,NDAR_INVMD151WMB
10313,NDAR_INVTU736FGX
10314,NDAR_INVMP769RR1
10315,NDAR_INVYD193RBY
10317,NDAR_INVJC056GE7
10318,NDAR_INVVP785PKL
10319,NDAR_INVWZ744KBQ
10320,NDAR_INVUR931GRQ
10321,NDAR_INVAP501HMK
10322,NDAR_INVBT995HL8
10323,NDAR_INVPC697UXG
10324,NDAR_INVTY593GGW
10325,NDAR_INVMW318UJ9
10326,NDAR_INVYN207LMK
10327,NDAR_INVDA780GEG
10328,NDAR_INVZH867XM8
10329,NDAR_INVYF771NJA
10330,NDAR_INVBB694CT1
10331,NDAR_INVVF756CPL
10332,NDAR_INVGH744GR4
10333,NDAR_INVJM421PDM
10334,NDAR_INVHE925NMR
10335,NDAR_INVLM217XZ5
10336,NDAR_INVCZ031DUP
10337,NDAR_INVJW571ZKL
10338,NDAR_INVXB275ALE
10339,NDAR_INVYE030GTE
10340,NDAR_INVCP438FFE
10341,NDAR_INVVU474TD4
10342,NDAR_INVJW513NYF
10343,NDAR_INVFA180FML
10344,NDAR_INVZY663UB3
10345,NDAR_INVXV065TNL
10346,NDAR_INVML636WLC
10347,NDAR_INVJD832HZR
10348,NDAR_INVAA994NC8
10349,NDAR_INVRL322YUN
10350,NDAR_INVAK129AZ7
10351,NDAR_INVLY161KWX
10352,NDAR_INVHB774WPY
10353,NDAR_INVTV752RKA
10354,NDAR_INVLL700BXP
10355,NDAR_INVLF323LZ7
10356,NDAR_INVCC903VXQ
10357,NDAR_INVXN927WB0
10358,NDAR_INVRP778KV4
10359,NDAR_INVBF110HU1
10360,NDAR_INVDF648GCU
10361,NDAR_INVAJ334LGB
10362,NDAR_INVJN860VKJ
10363,NDAR_INVCJ554XGT
10364,NDAR_INVNF621JG3
10365,NDAR_INVXF920BBN
10366,NDAR_INVGK853TJJ
10367,NDAR_INVXU676BRT
10368,NDAR_INVJN726XCF
10369,NDAR_INVWX881LZF
10370,NDAR_INVFW782YCA
10371,NDAR_INVWJ011HX9
10372,NDAR_INVJR874ZBA
10373,NDAR_INVHG620DY3
10374,NDAR_INVZZ837XNR
10375,NDAR_INVVA738DPW
10376,NDAR_INVBH342XGZ
10377,NDAR_INVJK935HTN
10378,NDAR_INVUZ302WGG
10379,NDAR_INVYL223CGY
10380,NDAR_INVPH515DL0
10381,NDAR_INVNJ085BFY
10382,NDAR_INVFJ451CH7
10383,NDAR_INVEU342NHC
10384,NDAR_INVVD665CEW
10385,NDAR_INVCT934YJK
10386,NDAR_INVBJ978VNX
10387,NDAR_INVCC052PZ7
10388,NDAR_INVTG920DRN
10389,NDAR_INVRE992CCD
10390,NDAR_INVZB224ZGZ
10391,NDAR_INVXM652GV0
10392,NDAR_INVDA394TDL
10393,NDAR_INVAA322NXX
10394,NDAR_INVVZ368JRB
10395,NDAR_INVXC009CJC
10396,NDAR_INVWD424NPB
10397,NDAR_INVBU730WRW
10398,NDAR_INVEL909JWX
10399,NDAR_INVKR330LP3
10400,NDAR_INVME854AAJ
10401,NDAR_INVFM454PAR
10402,NDAR_INVHX434GGM
10403,NDAR_INVEE987LHF
10404,NDAR_INVDY089BKB
10405,NDAR_INVNT429FLE
10406,NDAR_INVVN611JLE
10407,NDAR_INVMV649BBJ
10408,NDAR_INVWY211ZRC
10409,NDAR_INVFT214UD8
10410,NDAR_INVJH313URE
10411,NDAR_INVPV265NW2
10412,NDAR_INVTP334CM5
10413,NDAR_INVMF279PW5
10414,NDAR_INVFB057VNH
10415,NDAR_INVWA430WN3
10416,NDAR_INVRB970JAP
10417,NDAR_INVMR290XJ8
10418,NDAR_INVXR909EEM
10419,NDAR_INVUN058VRE
10420,NDAR_INVAN013HWU
10421,NDAR_INVLV699FJC
10422,NDAR_INVJW539HEX
10423,NDAR_INVZL980RYN
10424,NDAR_INVRU441UXJ
10425,NDAR_INVTB405PH7
10426,NDAR_INVAB985MBU
10427,NDAR_INVHR319RJB
10428,NDAR_INVPD047XWW
10429,NDAR_INVUF448JNF
10430,NDAR_INVGG065HX7
10431,NDAR_INVHB221GW0
10432,NDAR_INVRF012HJQ
10433,NDAR_INVGU706GRC
10434,NDAR_INVGM108EBH
10435,NDAR_INVTZ949RU3
10436,NDAR_INVLH981RPE
10437,NDAR_INVWL420NBJ
10438,NDAR_INVHU070LH4
10439,NDAR_INVYK535PH5
10440,NDAR_INVCV057LWB
10441,NDAR_INVKE623JFA
10442,NDAR_INVCH476MWF
10443,NDAR_INVDG972JL2
10444,NDAR_INVER889PGE
10445,NDAR_INVTG026KFK
10446,NDAR_INVBA660WUF
10447,NDAR_INVBJ702UHJ
10448,NDAR_INVJP812YM9
10449,NDAR_INVZL448EJF
10450,NDAR_INVWY320TR3
10451,NDAR_INVKL623RRZ
10452,NDAR_INVXJ422FRW
10453,NDAR_INVJK148PY1
10454,NDAR_INVUB165AF4
10455,NDAR_INVGX355VMR
10456,NDAR_INVXY336RY4
10457,NDAR_INVAG885WY6
10458,NDAR_INVZC316FFN
10459,NDAR_INVEF058KWR
10460,NDAR_INVKN631YDV
10461,NDAR_INVJD648XVE
10462,NDAR_INVBG512NDU
10463,NDAR_INVJV252NLN
10464,NDAR_INVGX720FJX
10465,NDAR_INVBT374KWU
10466,NDAR_INVAA926MAC
10467,NDAR_INVED690EEL
10468,NDAR_INVZT555YP9
10469,NDAR_INVGV067AP2
10470,NDAR_INVUH835LYJ
10471,NDAR_INVDU759JTR
10472,NDAR_INVCH679PD7
10473,NDAR_INVZM945GX2
10474,NDAR_INVDJ612ME6
10475,NDAR_INVNE013ACZ
10476,NDAR_INVYF520KPP
10477,NDAR_INVXJ684NB7
10478,NDAR_INVKF471HCG
10479,NDAR_INVHF868BWJ
10480,NDAR_INVWU364WHU
10481,NDAR_INVPD584NJB
10482,NDAR_INVUA771RYF
10483,NDAR_INVDY023UPV
10484,NDAR_INVAE160RZX
10485,NDAR_INVFC981ZKY
10486,NDAR_INVED123PGJ
10487,NDAR_INVDL181THZ
10488,NDAR_INVGN559BAV
10489,NDAR_INVDD729KTM
10490,NDAR_INVHZ194XA7
10491,NDAR_INVEA092WGA
10492,NDAR_INVDD814ENP
10493,NDAR_INVNZ781ZV4
10494,NDAR_INVTV208UXV
10495,NDAR_INVVN219DGA
10496,NDAR_INVDT007HZ8
10497,NDAR_INVER099TWR
10498,NDAR_INVNU176PUF
10499,NDAR_INVEB484EPK
10500,NDAR_INVHR234YDK
10501,NDAR_INVCW434KKX
10502,NDAR_INVDC756JVA
10503,NDAR_INVVW659CMA
10504,NDAR_INVFC191VMQ
10505,NDAR_INVWE065XF1
10506,NDAR_INVMW479NDY
10507,NDAR_INVXN807JZ4
10508,NDAR_INVMZ701JPG
10509,NDAR_INVTB226WBW
10510,NDAR_INVJL654VWH
10511,NDAR_INVUJ416LE1
10512,NDAR_INVHX862DUJ
10513,NDAR_INVWG076HTP
10514,NDAR_INVNJ786ZJQ
10515,NDAR_INVAC063PBB
10516,NDAR_INVPU877DM9
10517,NDAR_INVMP420GYC
10518,NDAR_INVMB972RNG
10519,NDAR_INVFR498KYQ
10520,NDAR_INVYE048VV4
10521,NDAR_INVAD090PDF
10522,NDAR_INVAX209UF7
10523,NDAR_INVPV338NKL
10524,NDAR_INVHM448KR5
10525,NDAR_INVZD879DY2
10526,NDAR_INVNG082GHH
10527,NDAR_INVNN644GA8
10528,NDAR_INVDL562JB7
10529,NDAR_INVLN902VM8
10530,NDAR_INVDP804TD7
10531,NDAR_INVGL875LCK
10532,NDAR_INVYC744HCM
10533,NDAR_INVDV732HEP
10534,NDAR_INVHK054LBZ
10535,NDAR_INVUV157LMA
10536,NDAR_INVZZ028GGD
10537,NDAR_INVJE184GPV
10538,NDAR_INVLU155GBR
10539,NDAR_INVEN521XR5
10540,NDAR_INVNY377MXT
10541,NDAR_INVKB502MRT
10542,NDAR_INVLK305RPV
10543,NDAR_INVZY878ZJW
10544,NDAR_INVFA061HEA
10545,NDAR_INVEG718DVM
10546,NDAR_INVTZ178JKN
10547,NDAR_INVLY232XRU
10548,NDAR_INVJD589CPB
10549,NDAR_INVVJ272WMJ
10550,NDAR_INVKV890WDG
10551,NDAR_INVNR903CYB
10552,NDAR_INVWH429JHD
10553,NDAR_INVRR243PHL
10554,NDAR_INVCG956BJH
10555,NDAR_INVGH571GXC
10556,NDAR_INVEY191TWU
10557,NDAR_INVLB092UGE
10558,NDAR_INVKA521HVM
10559,NDAR_INVAL192DGR
10560,NDAR_INVNG404CYV
10561,NDAR_INVBJ265BVL
10562,NDAR_INVTP217YUD
10563,NDAR_INVNX716GZF
10564,NDAR_INVFY192YCT
10565,NDAR_INVWV624AND
10566,NDAR_INVJU819UMD
10567,NDAR_INVEY611AXW
10568,NDAR_INVUF164DFZ
10569,NDAR_INVND511ZGR
10570,NDAR_INVMA406MPC
10571,NDAR_INVJH043DLX
10572,NDAR_INVPV850NH8
10573,NDAR_INVAV477HU7
10574,NDAR_INVUE432UM9
10575,NDAR_INVWP391PM3
10576,NDAR_INVVZ669XYT
10577,NDAR_INVDG034WZ3
10578,NDAR_INVBT865XJ8
10579,NDAR_INVHA217CBQ
10580,NDAR_INVPU803NP5
10581,NDAR_INVFF527LDW
10582,NDAR_INVBX508BRM
10583,NDAR_INVCL516YGK
10584,NDAR_INVMH746EW8
10585,NDAR_INVVY830WMH
10586,NDAR_INVGR092XTC
10587,NDAR_INVML386FLP
10588,NDAR_INVMT806YG7
10589,NDAR_INVAR934YX6
10590,NDAR_INVZV807XR1
10591,NDAR_INVCW826YFC
10592,NDAR_INVJT163TYF
10593,NDAR_INVHJ794FF0
10594,NDAR_INVET443RL8
10595,NDAR_INVJR597XNJ
10596,NDAR_INVGW876JK1
10597,NDAR_INVMH607MHH
10598,NDAR_INVZL708XUY
10599,NDAR_INVPR271NZX
10600,NDAR_INVBW548ZHV
10601,NDAR_INVAR514UT4
10602,NDAR_INVUF456NXJ
10603,NDAR_INVHJ285AYW
10604,NDAR_INVYC189BEF
10605,NDAR_INVGT001GKX
10606,NDAR_INVNJ763LMG
10607,NDAR_INVNB100BFH
10608,NDAR_INVMU194GT5
10609,NDAR_INVVY683DTX
10610,NDAR_INVJL735NVG
10611,NDAR_INVEB541FEH
10612,NDAR_INVTB068CUA
10613,NDAR_INVJH483WTT
10614,NDAR_INVAJ788LL1
10615,NDAR_INVTB927EF4
10616,NDAR_INVFF036UBN
10617,NDAR_INVGP396VH3
10618,NDAR_INVUX027UCW
10619,NDAR_INVJE928PMM
10620,NDAR_INVCT628VLB
10621,NDAR_INVUC942GUE
10622,NDAR_INVWP112VBW
10623,NDAR_INVZA639ETC
10624,NDAR_INVKR776JGR
10625,NDAR_INVBY510PDQ
10626,NDAR_INVKG321NDM
10627,NDAR_INVGX162JR1
10628,NDAR_INVGC628MRU
10629,NDAR_INVPT527ZWF
10630,NDAR_INVMY015AUM
10631,NDAR_INVUD303CHW
10632,NDAR_INVRP693NN9
10633,NDAR_INVKU096RZZ
10634,NDAR_INVEX853ZVV
10635,NDAR_INVHJ096HFZ
10636,NDAR_INVBX160JVH
10637,NDAR_INVVB016DZA
10638,NDAR_INVLX047VHC
10639,NDAR_INVCH273LL7
10640,NDAR_INVRJ526FVT
10641,NDAR_INVWM629KAQ
10642,NDAR_INVYY012MHA
10643,NDAR_INVJA974ZEK
10644,NDAR_INVLK598BD3
10645,NDAR_INVXM039KPD
10646,NDAR_INVKC356UUJ
10647,NDAR_INVGD656GXY
10648,NDAR_INVKF022YNR
10649,NDAR_INVZX921EX3
10650,NDAR_INVFP830PGR
10651,NDAR_INVWY891HZ2
10652,NDAR_INVRK809VL8
10653,NDAR_INVZG264NE3
10654,NDAR_INVDA693GAD
10655,NDAR_INVAW513RDJ
10656,NDAR_INVZA814EZ6
10657,NDAR_INVUM346WJ2
10658,NDAR_INVXN690JKQ
10659,NDAR_INVNV329MFM
10660,NDAR_INVZM858TFF
10661,NDAR_INVUG610BXT
10662,NDAR_INVHU179NCQ
10663,NDAR_INVNR861EG2
10664,NDAR_INVNX122RJ8
10665,NDAR_INVVG883FFY
10666,NDAR_INVXL973BW3
10667,NDAR_INVUR336YG5
10668,NDAR_INVEL178HYA
10669,NDAR_INVDR689CRR
10670,NDAR_INVDC662PK4
10671,NDAR_INVEC161DNU
10672,NDAR_INVAP093ZWR
10673,NDAR_INVAL127HAB
10674,NDAR_INVRM845NRY
10675,NDAR_INVYM179LCP
10676,NDAR_INVFE867DPJ
10677,NDAR_INVED356PMT
10678,NDAR_INVCB591BY1
10679,NDAR_INVXX316WBG
10680,NDAR_INVHT707GWG
10681,NDAR_INVMR421LV3
10682,NDAR_INVRX443JN4
10683,NDAR_INVHF847LLX
10684,NDAR_INVGG018WN6
10685,NDAR_INVTD573YP5
10686,NDAR_INVWY308KEL
10687,NDAR_INVXC615UBZ
10688,NDAR_INVMY264FK0
10689,NDAR_INVUP368LTB
10690,NDAR_INVBH827MJ0
10691,NDAR_INVFL184NNX
10692,NDAR_INVZL833BNG
10693,NDAR_INVAV522BNV
10694,NDAR_INVRF253PXD
10695,NDAR_INVFG170BEQ
10696,NDAR_INVUV405YFY
10697,NDAR_INVBW908DGZ
10698,NDAR_INVWE894YGN
10699,NDAR_INVVA521AL9
10700,NDAR_INVLU128RFH
10701,NDAR_INVFF122LC4
10702,NDAR_INVXN125DTQ
10703,NDAR_INVNG827FTQ
10704,NDAR_INVNU682ZTF
10705,NDAR_INVTH949GEQ
10706,NDAR_INVPA263NUE
10707,NDAR_INVJB034JHB
10708,NDAR_INVZJ223ZAX
10709,NDAR_INVRD621XWT
10710,NDAR_INVBW601VCJ
10711,NDAR_INVDK837WDD
10712,NDAR_INVRZ568EGV
10713,NDAR_INVCC235DP1
10714,NDAR_INVXF217VE5
10715,NDAR_INVEK398EDV
10716,NDAR_INVKH850AX8
10717,NDAR_INVWM918WDQ
10718,NDAR_INVAT422VY0
10719,NDAR_INVVP046UV0
10720,NDAR_INVKP738FB9
10721,NDAR_INVHP179NCM
10722,NDAR_INVGN193DXC
10723,NDAR_INVDE254RHR
10724,NDAR_INVJC195YRZ
10725,NDAR_INVMY567YMD
10726,NDAR_INVTM445UBT
10727,NDAR_INVNA236XBM
10728,NDAR_INVVJ616RH6
10729,NDAR_INVAP440DNY
10730,NDAR_INVNW562NBF
10731,NDAR_INVDF928XFJ
10732,NDAR_INVMX279MKW
10733,NDAR_INVTY685LTD
10734,NDAR_INVWY215UJF
10735,NDAR_INVFM105LU5
10736,NDAR_INVHJ277VU5
10737,NDAR_INVEV414MY2
10738,NDAR_INVDA075UPP
10739,NDAR_INVZM294JE2
10740,NDAR_INVEJ489LF4
10741,NDAR_INVVD182BYE
10742,NDAR_INVEY849YYG
10743,NDAR_INVZD373VHH
10744,NDAR_INVXZ118AYF
10745,NDAR_INVAN228LU1
10746,NDAR_INVRV700LPE
10747,NDAR_INVPZ454LDN
10748,NDAR_INVCU508XHF
10749,NDAR_INVTM507PL3
10750,NDAR_INVMZ151CZT
10751,NDAR_INVHD266HFX
10752,NDAR_INVCV294WLX
10753,NDAR_INVYF168CA6
10754,NDAR_INVNG202GPC
10755,NDAR_INVBA649JD9
10756,NDAR_INVYM077EC6
10757,NDAR_INVCR004DX7
10758,NDAR_INVDR718XPK
10759,NDAR_INVAT281VFL
10760,NDAR_INVBT922HB9
10761,NDAR_INVEN334CXH
10762,NDAR_INVXT676CZL
10763,NDAR_INVPM595NRC
10764,NDAR_INVLK505GB2
10765,NDAR_INVVB903UE6
10766,NDAR_INVBB040BEY
10767,NDAR_INVHC745CT7
10768,NDAR_INVUP595GDE
10769,NDAR_INVRZ385JP9
10770,NDAR_INVED425KF9
10771,NDAR_INVZJ431PGR
10772,NDAR_INVDF007KVH
10773,NDAR_INVTZ642TDE
10774,NDAR_INVHH190BD2
10775,NDAR_INVUZ093AVK
10776,NDAR_INVPN688RAY
10777,NDAR_INVXR557AG2
10778,NDAR_INVDM973YFN
10779,NDAR_INVZD901FCB
10780,NDAR_INVNX862UX2
10781,NDAR_INVAA612LYV
10782,NDAR_INVKV505DZJ
10783,NDAR_INVCM766ACW
10784,NDAR_INVWP765WWM
10785,NDAR_INVZW068YZA
10786,NDAR_INVLE813PJC
10787,NDAR_INVLV325VMC
10788,NDAR_INVVP598FRQ
10789,NDAR_INVRG522PBB
10790,NDAR_INVKY135VPA
10791,NDAR_INVJA425RH1
10792,NDAR_INVZV521KB2
10793,NDAR_INVUR252NJD
10794,NDAR_INVXC039RCM
10795,NDAR_INVED967DR6
10796,NDAR_INVTE423XA2
10797,NDAR_INVDR968HT1
10798,NDAR_INVBY951TGP
10799,NDAR_INVLB802PEX
10800,NDAR_INVJZ662WE4
10801,NDAR_INVMJ883VT6
10802,NDAR_INVCV555CJR
10803,NDAR_INVFV645LLB
10804,NDAR_INVCY764WP5
10805,NDAR_INVRP427AHV
10806,NDAR_INVMV860GU5
10807,NDAR_INVVK389MBR
10808,NDAR_INVLJ303WG7
10809,NDAR_INVHX587FFE
10810,NDAR_INVFL986HAU
10811,NDAR_INVGG792WU6
10812,NDAR_INVVB092LJ0
10813,NDAR_INVPD916ADG
10814,NDAR_INVCA451UYK
10815,NDAR_INVRY574GRP
10816,NDAR_INVHT055GHM
10817,NDAR_INVVV028ZCQ
10818,NDAR_INVFW752FCG
10819,NDAR_INVYG245ZAQ
10820,NDAR_INVND639HH2
10821,NDAR_INVBF859FX9
10822,NDAR_INVZY818MRL
10823,NDAR_INVGC490YXP
10824,NDAR_INVED799WP8
10825,NDAR_INVXP204WKN
10826,NDAR_INVND916TZC
10827,NDAR_INVTP215YXL
10828,NDAR_INVLD300GJA
10829,NDAR_INVFU517WRM
10830,NDAR_INVUY794BL3
10831,NDAR_INVKV621ERL
10832,NDAR_INVXT103UX7
10833,NDAR_INVXM835LL5
10834,NDAR_INVLR978HY9
10835,NDAR_INVDA931BMJ
10836,NDAR_INVFW408RRR
10837,NDAR_INVTG498VFK
10838,NDAR_INVPF368DXY
10839,NDAR_INVYY907CG4
10840,NDAR_INVJU077GJ5
10841,NDAR_INVRE492MUG
10842,NDAR_INVEJ124PL1
10843,NDAR_INVHY588ZZE
10844,NDAR_INVBL053AAX
10845,NDAR_INVWW843EVF
10846,NDAR_INVBE411AD3
10847,NDAR_INVTP768VLU
10848,NDAR_INVAG264JKE
10849,NDAR_INVLP035NZC
10850,NDAR_INVTD598NWU
10851,NDAR_INVVE566PMB
10852,NDAR_INVXM915DFM
10853,NDAR_INVEP520RM2
10854,NDAR_INVWK973EK6
10855,NDAR_INVKK995MD8
10856,NDAR_INVYM536VAD
10857,NDAR_INVRB259KY8
10858,NDAR_INVTL437AFT
10859,NDAR_INVYN516MWX
10860,NDAR_INVRK876NRQ
10861,NDAR_INVZB098UTG
10862,NDAR_INVKC369KAH
10863,NDAR_INVHF263FLW
10864,NDAR_INVFD194EA2
10865,NDAR_INVTK551DC5
10866,NDAR_INVAM729LM9
10867,NDAR_INVLX725RDV
10868,NDAR_INVKP124YV1
10869,NDAR_INVCM946KZ7
10870,NDAR_INVWA830PK9
10871,NDAR_INVEA591KVW
10872,NDAR_INVBZ443HNZ
10873,NDAR_INVVL355KN6
10874,NDAR_INVLH352CGB
10875,NDAR_INVXF589WZ7
10876,NDAR_INVUJ763BTQ
10877,NDAR_INVWJ708JT4
10878,NDAR_INVFH299RDX
10879,NDAR_INVJX211UKR
10880,NDAR_INVLH198BH8
10881,NDAR_INVMY309BTJ
10882,NDAR_INVUM735EUR
10883,NDAR_INVBB155VMH
10884,NDAR_INVEJ717AU0
10885,NDAR_INVBW063RXD
10886,NDAR_INVHM003PG0
10887,NDAR_INVBJ826XGH
10888,NDAR_INVEN878LDA
10889,NDAR_INVGL722HF6
10890,NDAR_INVYH227FYF
10891,NDAR_INVGM102BAA
10892,NDAR_INVCH070CW9
10893,NDAR_INVNE392HNN
10894,NDAR_INVVR707PFD
10895,NDAR_INVRT372BP2
10896,NDAR_INVFG870TY7
10897,NDAR_INVXE925KAK
10898,NDAR_INVFX718PF3
10899,NDAR_INVFJ653RHT
10900,NDAR_INVYG428YK6
10901,NDAR_INVLZ397AFL
10902,NDAR_INVGV224WV6
10903,NDAR_INVUE424DT8
10904,NDAR_INVWV564TMK
10905,NDAR_INVAE387YT7
10906,NDAR_INVZU796FU1
10907,NDAR_INVFH615RX6
10908,NDAR_INVZM049TKZ
10909,NDAR_INVCT054FET
10910,NDAR_INVLH620JJB
10911,NDAR_INVTD233FHH
10912,NDAR_INVKX476MN5
10913,NDAR_INVGP990KGF
10914,NDAR_INVJG303AP2
10915,NDAR_INVHR167DDH
10916,NDAR_INVCR429VAT
10917,NDAR_INVNX221VNP
10918,NDAR_INVWE457EJD
10919,NDAR_INVZP566AJ8
10920,NDAR_INVJL648PMZ
10921,NDAR_INVTL402YM1
10922,NDAR_INVAA239NTV
10923,NDAR_INVKW370EK9
10924,NDAR_INVJV698JJV
10925,NDAR_INVYL982JWY
10926,NDAR_INVVR273TN3
10927,NDAR_INVXX346YZT
10928,NDAR_INVUG594MGR
10929,NDAR_INVCZ664LZ7
10930,NDAR_INVWM772BPN
10931,NDAR_INVYT568VYA
10932,NDAR_INVTM851ZZY
10933,NDAR_INVDW725BXH
10934,NDAR_INVAP177KAA
10935,NDAR_INVDE941UJK
10936,NDAR_INVGF714CDW
10937,NDAR_INVFL292UHY
10938,NDAR_INVBE902EF8
10939,NDAR_INVXT597ECJ
10940,NDAR_INVPD377VH2
10941,NDAR_INVTJ293CMW
10942,NDAR_INVPU846FTV
10943,NDAR_INVHN699MBA
10944,NDAR_INVBC980LP2
10945,NDAR_INVEA703DPG
10946,NDAR_INVZV455HKU
10947,NDAR_INVWR964ZH8
10948,NDAR_INVGF499XUR
10949,NDAR_INVLC238NZN
10950,NDAR_INVAT448XXY
10951,NDAR_INVWY125PXM
10952,NDAR_INVTZ223XL2
10953,NDAR_INVVM233GR6
10954,NDAR_INVYC166AUV
10955,NDAR_INVNB891AG7
10956,NDAR_INVYE316XHD
10957,NDAR_INVTC662YR5
10958,NDAR_INVNM091RXE
10959,NDAR_INVFD207UZH
10960,NDAR_INVNL744MJD
10961,NDAR_INVCT852DPV
10962,NDAR_INVCA133ARC
10963,NDAR_INVXR290UR4
10964,NDAR_INVPB146ULG
10965,NDAR_INVKH646ZH1
10966,NDAR_INVTW980AW6
10967,NDAR_INVBW042GJ6
10968,NDAR_INVFK092RBG
10969,NDAR_INVEE700MM6
10970,NDAR_INVAK464HVN
10971,NDAR_INVXT455WTQ
10972,NDAR_INVZG687WZQ
10973,NDAR_INVXB475CHU
10974,NDAR_INVTA620EAG
10975,NDAR_INVUK066EZ2
10976,NDAR_INVBH203NRE
10977,NDAR_INVZL527HT4
10978,NDAR_INVFU274RHR
10979,NDAR_INVBR930VH3
10980,NDAR_INVCE566ADK
10981,NDAR_INVTN944HZC
10982,NDAR_INVAT724YEY
10983,NDAR_INVDB090BB1
10984,NDAR_INVJK219BUK
10985,NDAR_INVVZ861DY9
10986,NDAR_INVNC722CB0
10987,NDAR_INVDF514LH8
10988,NDAR_INVBV835VEY
10989,NDAR_INVXW021RW3
10990,NDAR_INVLJ153AYZ
10991,NDAR_INVYN558TVT
10992,NDAR_INVCC592REG
10993,NDAR_INVJX448ANN
10994,NDAR_INVVR324JVR
10995,NDAR_INVAL599XYM
10996,NDAR_INVAD200WW7
10997,NDAR_INVYW864NT4
10998,NDAR_INVXF929FTB
10999,NDAR_INVUU979HE7
11000,NDAR_INVMF462RN0
11001,NDAR_INVTM143THF
11002,NDAR_INVAC120UN7
11003,NDAR_INVKA774LXU
11004,NDAR_INVFP707WTG
11005,NDAR_INVBH366PNV
11006,NDAR_INVUP148GZR
11007,NDAR_INVBV999LHC
11008,NDAR_INVWD566VXU
11009,NDAR_INVJH853GVK
11010,NDAR_INVMF387WAC
11011,NDAR_INVPM416EWP
11012,NDAR_INVPU362UA6
11013,NDAR_INVND327ZK4
11014,NDAR_INVYP031CZT
11015,NDAR_INVKN591GTW
11016,NDAR_INVCV370BRK
11017,NDAR_INVCY318JPW
11018,NDAR_INVUL459NUG
11019,NDAR_INVJZ990HB4
11020,NDAR_INVYE251JWK
11021,NDAR_INVFB973VG9
11022,NDAR_INVVK697AEL
11023,NDAR_INVTN408MCW
11024,NDAR_INVRD180NL1
11025,NDAR_INVTT611ZKN
11026,NDAR_INVBB879KH7
11027,NDAR_INVJA278NPK
11028,NDAR_INVRX660BZD
11029,NDAR_INVXB421DFC
11030,NDAR_INVNT334ZDP
11031,NDAR_INVLG402WDU
11032,NDAR_INVNU689XKY
11033,NDAR_INVMU041KP1
11034,NDAR_INVYE591LRC
11035,NDAR_INVMR925HT4
11046,NDAR_INVZP188HCB
20000,NDAR_INVHC410NXT
20001,NDAR_INVZT383BCV
20002,NDAR_INVJE099JMU
20003,NDAR_INVPE709RWJ
20004,NDAR_INVWD943WUA
20005,NDAR_INVDM973YK0
20006,NDAR_INVEU648AH4
20007,NDAR_INVYK508RBQ
20008,NDAR_INVTP495YCV
20009,NDAR_INVFC030DAW
20010,NDAR_INVPA157ZU4
20011,NDAR_INVDG685BXW
20012,NDAR_INVPK458ZN1
20013,NDAR_INVMU931JDD
20014,NDAR_INVZA881MYP
20015,NDAR_INVUT473YX8
20016,NDAR_INVUF337EZF
20017,NDAR_INVUW801NAP
20018,NDAR_INVVE049ZTN
20019,NDAR_INVYB873VEB
20020,NDAR_INVKX183JME
20021,NDAR_INVUY296JWV
20022,NDAR_INVFC457EM6
20023,NDAR_INVJL678WL8
20024,NDAR_INVJM106BL0
20025,NDAR_INVRC475BL1
20026,NDAR_INVVP774RNG
20027,NDAR_INVUL689FY0
20028,NDAR_INVCG001PZ1
20029,NDAR_INVFL659FAT
20030,NDAR_INVET907BUR
20031,NDAR_INVTZ889JR2
20032,NDAR_INVCZ724ARX
20033,NDAR_INVEW267FBA
20034,NDAR_INVNJ600HPP
20035,NDAR_INVVY898FU5
20036,NDAR_INVGL606VLL
20037,NDAR_INVXR180AUF
20038,NDAR_INVYC659PGW
20039,NDAR_INVJD063EXV
20040,NDAR_INVVZ069DFX
20041,NDAR_INVFM848YD0
20042,NDAR_INVZE041VE9
20043,NDAR_INVWY113UXE
20044,NDAR_INVRV957FFQ
20045,NDAR_INVKP543PG1
20046,NDAR_INVPZ546ED3
20047,NDAR_INVNH735KCX
20048,NDAR_INVEU271RUP
20049,NDAR_INVGZ297EDM
20050,NDAR_INVGF259TDL
20051,NDAR_INVJW553NLW
20052,NDAR_INVJM385KYJ
20053,NDAR_INVRV819FGC
20054,NDAR_INVEE305EHC
20055,NDAR_INVTR314WEJ
20056,NDAR_INVPZ132JU5
20057,NDAR_INVZE524PUA
20058,NDAR_INVJD640RGJ
20059,NDAR_INVLB541UWX
20060,NDAR_INVHB629RXK
20061,NDAR_INVXX747RRP
20062,NDAR_INVHT028NLF
20063,NDAR_INVZW901ULU
20064,NDAR_INVLA352KFG
20065,NDAR_INVZL337PY9
20066,NDAR_INVJY291YXF
20067,NDAR_INVXB726GU5
20068,NDAR_INVWZ745ZLK
20069,NDAR_INVGN357BXJ
20070,NDAR_INVRV259NTG
20071,NDAR_INVRC995VBU
20072,NDAR_INVWL790AE0
20073,NDAR_INVMX812CUN
20074,NDAR_INVFN734ZPM
20075,NDAR_INVTY899HBT
20076,NDAR_INVFL886FHK
20077,NDAR_INVVZ114DKA
20078,NDAR_INVHY139DBU
20079,NDAR_INVKU193LRP
20080,NDAR_INVUV169KP3
20081,NDAR_INVHM008VZ7
20082,NDAR_INVFD303RTG
20083,NDAR_INVMB745VTH
20084,NDAR_INVRW449KJ6
20085,NDAR_INVGF041TD3
20086,NDAR_INVWZ622KBB
20087,NDAR_INVRD556VX9
20088,NDAR_INVDX335TRN
20089,NDAR_INVPV262FNE
20090,NDAR_INVUA607YRC
20091,NDAR_INVBK275FD1
20092,NDAR_INVYU574TJM
20093,NDAR_INVUW575TDH
20094,NDAR_INVFC016UNU
20095,NDAR_INVUN145KMY
20096,NDAR_INVYV808DG3
20097,NDAR_INVTE513BHK
20098,NDAR_INVVR360FTL
20099,NDAR_INVGR894NMG
20100,NDAR_INVLZ763DFP
20101,NDAR_INVNA008GMU
20102,NDAR_INVMJ601YZ7
20103,NDAR_INVCT962XX3
20104,NDAR_INVVG976GN0
20105,NDAR_INVBL946PVW
20106,NDAR_INVZB467MCU
20107,NDAR_INVXV087HWK
20108,NDAR_INVXD564GXJ
20109,NDAR_INVXG624HVE
20110,NDAR_INVMX976NC7
20111,NDAR_INVVG194WW3
20112,NDAR_INVRV447MDQ
20113,NDAR_INVCU083ANC
20114,NDAR_INVET340WR7
20115,NDAR_INVDR856BU9
20116,NDAR_INVDV773MH5
20117,NDAR_INVVK722WFQ
20118,NDAR_INVNT537MR2
20119,NDAR_INVCF371WVC
20120,NDAR_INVVL675GYU
20121,NDAR_INVVC207VUR
20122,NDAR_INVJW801WKJ
20123,NDAR_INVDY016WEH
20124,NDAR_INVFX754DWP
20125,NDAR_INVEU617YVN
20126,NDAR_INVWC548CPZ
20127,NDAR_INVUZ230CPC
20128,NDAR_INVYE211JVW
20129,NDAR_INVTV188VVV
20130,NDAR_INVZL649YHG
20131,NDAR_INVBJ496XX5
20132,NDAR_INVXU267GP9
20133,NDAR_INVXH501VRW
20134,NDAR_INVVL129NV4
20135,NDAR_INVHT118ZDT
20136,NDAR_INVWK448RVY
20137,NDAR_INVAH948XMH
20138,NDAR_INVGD177ULU
20139,NDAR_INVPB430ABC
20140,NDAR_INVAD035YP6
20141,NDAR_INVUB606EUG
20142,NDAR_INVKD875LH5
20143,NDAR_INVKZ998EZH
20144,NDAR_INVXD745HYP
20145,NDAR_INVJD558VV0
20146,NDAR_INVHZ016RGH
20147,NDAR_INVAP378ACM
20148,NDAR_INVLF390AHD
20149,NDAR_INVCY038ENH
20150,NDAR_INVCH784CEZ
20151,NDAR_INVAX389NP6
20152,NDAR_INVEE976TPW
20153,NDAR_INVTF998GPX
20154,NDAR_INVYR621RZA
20155,NDAR_INVBT983HDX
20156,NDAR_INVFW164WAL
20157,NDAR_INVKU357VVX
20158,NDAR_INVEE067CCU
20159,NDAR_INVAC099UU0
20160,NDAR_INVEZ710ZUR
20161,NDAR_INVBV655FX3
20162,NDAR_INVAD719VXY
20163,NDAR_INVNT007CC9
20164,NDAR_INVBC034YA0
20165,NDAR_INVBF501LUF
20166,NDAR_INVRB189CV5
20167,NDAR_INVJF112JLB
20168,NDAR_INVTU793ZX0
20169,NDAR_INVAH631ZLP
20170,NDAR_INVJW206TYG
20171,NDAR_INVPT025XPE
20172,NDAR_INVRZ467MDC
20173,NDAR_INVJW355MMJ
20174,NDAR_INVPF354CKM
20175,NDAR_INVMA442MGF
20176,NDAR_INVPU188BLX
20177,NDAR_INVHE057JK2
20178,NDAR_INVWR100WJ6
20179,NDAR_INVRJ870MF0
20180,NDAR_INVJN931RVA
20181,NDAR_INVLM747DFC
20182,NDAR_INVPK209BF6
20183,NDAR_INVLX701WBW
20184,NDAR_INVGT462GP3
20185,NDAR_INVAA249UP9
20186,NDAR_INVYH514TAD
20187,NDAR_INVMW837AY3
20188,NDAR_INVXZ192MPW
20189,NDAR_INVDB012HBD
20190,NDAR_INVZA605DKV
20191,NDAR_INVML390GZ0
20192,NDAR_INVBE940KZJ
20193,NDAR_INVXU722GC8
20194,NDAR_INVTR869BKJ
20195,NDAR_INVRT786FP2
20196,NDAR_INVVW323GCF
20197,NDAR_INVMU445UVL
20198,NDAR_INVMD790VVK
20199,NDAR_INVTB336DNC
20200,NDAR_INVVX918XRD
20201,NDAR_INVMP390PEP
20202,NDAR_INVRW807JAK
20203,NDAR_INVGN660MCT
20204,NDAR_INVEM255NKB
20205,NDAR_INVVN862YFA
20206,NDAR_INVTT651EXR
20207,NDAR_INVVR971LPK
20208,NDAR_INVYU678HYW
20209,NDAR_INVAE494CNQ
20210,NDAR_INVYH182WVX
20211,NDAR_INVFK463YFT
20212,NDAR_INVKT705CCW
20213,NDAR_INVYG329MXJ
20214,NDAR_INVDY496ZEA
20215,NDAR_INVGX561AZ4
20216,NDAR_INVME904MVY
20217,NDAR_INVBZ116BEH
20218,NDAR_INVXE589FCA
20219,NDAR_INVBB774FW4
20220,NDAR_INVCN503UMC
20221,NDAR_INVMZ265JP1
20222,NDAR_INVTW734TW1
20223,NDAR_INVYL158EZ9
20224,NDAR_INVBG960PCR
20225,NDAR_INVPB089UMM
20226,NDAR_INVKY244VUY
20227,NDAR_INVWZ942KNU
20228,NDAR_INVYU544MXV
20229,NDAR_INVML548XZW
20230,NDAR_INVUJ804AXT
20231,NDAR_INVCX768RYH
20232,NDAR_INVBX587EPP
20233,NDAR_INVCY567PTC
20234,NDAR_INVZY137HZR
20235,NDAR_INVFT320MRN
20236,NDAR_INVXL657GA4
20237,NDAR_INVXB535HH0
20238,NDAR_INVKM102NU1
20239,NDAR_INVBL699XLN
20240,NDAR_INVHC135ABW
20241,NDAR_INVMD505WZK
20242,NDAR_INVWH036MJ7
20243,NDAR_INVJX090KHJ
20244,NDAR_INVKT639GWD
20245,NDAR_INVYL583GJ5
20246,NDAR_INVDK304THR
20247,NDAR_INVJP722PTL
20248,NDAR_INVET859RR9
20249,NDAR_INVUL193LTK
20250,NDAR_INVDV185PLF
20251,NDAR_INVVX607JRM
20252,NDAR_INVNA203PHQ
20253,NDAR_INVYP381BHG
20254,NDAR_INVTY363VTM
20255,NDAR_INVVG755ABE
20256,NDAR_INVLY783DWX
20257,NDAR_INVZC705NUR
20258,NDAR_INVWZ613LER
20259,NDAR_INVGY658NB7
20260,NDAR_INVYX442JK9
20261,NDAR_INVPU132BHN
20262,NDAR_INVAV453CNU
20263,NDAR_INVYR213LLH
20264,NDAR_INVAM711AVX
20265,NDAR_INVZG859AD8
20266,NDAR_INVMJ378TBF
20267,NDAR_INVFG801TGC
20268,NDAR_INVXA306ERR
20269,NDAR_INVEW022CR3
20270,NDAR_INVPG833CN6
20271,NDAR_INVYY870DBQ
20272,NDAR_INVHG091ZCE
20273,NDAR_INVJU790MDZ
20274,NDAR_INVMW785NHH
20275,NDAR_INVYW259AEA
20276,NDAR_INVVW552VEK
20277,NDAR_INVEL245DA8
20278,NDAR_INVVJ976XAX
20279,NDAR_INVNE127AT4
20280,NDAR_INVDY033NMN
20281,NDAR_INVBX997ZTX
20282,NDAR_INVFT351BE3
20283,NDAR_INVFZ908UK5
20284,NDAR_INVKL556WGY
20285,NDAR_INVJN565BHG
20286,NDAR_INVWF309PCV
20287,NDAR_INVCH185ALN
20288,NDAR_INVNL549EH2
20289,NDAR_INVYN095TVD
20290,NDAR_INVUV619CJL
20291,NDAR_INVPV396EPJ
20292,NDAR_INVVT938DA9
20293,NDAR_INVHD909EWT
20294,NDAR_INVMB258RRN
20295,NDAR_INVUT759AFR
20296,NDAR_INVGE759BT5
20297,NDAR_INVUC783GB1
20298,NDAR_INVJL789RBM
20299,NDAR_INVFD727HA0
20300,NDAR_INVHZ846CGA
20301,NDAR_INVRP140UJQ
20302,NDAR_INVKC013BC3
20303,NDAR_INVFF214VXB
20304,NDAR_INVDB341XN9
20305,NDAR_INVRH938EED
20306,NDAR_INVWH134LZA
20307,NDAR_INVPJ586JZZ
20308,NDAR_INVGB041PD6
20309,NDAR_INVJF116NAD
20310,NDAR_INVZU812YNN
20311,NDAR_INVED388BTK
20312,NDAR_INVFX468FBK
20313,NDAR_INVUL325NU9
20314,NDAR_INVBW217WYJ
20315,NDAR_INVYP720YVD
20316,NDAR_INVNG358VW9
20317,NDAR_INVCF128AP7
20318,NDAR_INVDV818GWX
20319,NDAR_INVCA104JL2
20320,NDAR_INVMT416ETL
20321,NDAR_INVZR924ER3
20322,NDAR_INVKM327PNF
20323,NDAR_INVYD545MJV
20324,NDAR_INVBL531NV7
20325,NDAR_INVEW770WRK
20326,NDAR_INVHN516VHH
20327,NDAR_INVBR292VEM
20328,NDAR_INVUH444VDQ
20329,NDAR_INVHT259AUC
20330,NDAR_INVFN677YVV
20331,NDAR_INVTV495XL9
20332,NDAR_INVHE549HVY
20333,NDAR_INVJH639ZVA
20334,NDAR_INVPT007ZML
20335,NDAR_INVEK830TYR
20336,NDAR_INVLV408WPT
20337,NDAR_INVYW150JHZ
20338,NDAR_INVFD889TTQ
20339,NDAR_INVKM243BYD
20340,NDAR_INVMV688ZGT
20341,NDAR_INVEE239AR6
20342,NDAR_INVBZ761KBL
20343,NDAR_INVKB766KYQ
20344,NDAR_INVGF707NZN
20345,NDAR_INVEF917RMY
20346,NDAR_INVVZ872RDN
20347,NDAR_INVFV618WR5
20348,NDAR_INVMR363FDB
20349,NDAR_INVGB618FC2
20350,NDAR_INVJA631WPP
20351,NDAR_INVFF464CB6
20352,NDAR_INVLH241DCB
20353,NDAR_INVZT960JU1
20354,NDAR_INVPA325HWA
20355,NDAR_INVKK967ZDB
20356,NDAR_INVBB266GE8
20357,NDAR_INVFE816HJT
20358,NDAR_INVBF398HU3
20359,NDAR_INVKB857NG5
20360,NDAR_INVYM643UA3
20361,NDAR_INVMJ809BAL
20362,NDAR_INVWZ332UTH
20363,NDAR_INVLX770UJ9
20364,NDAR_INVNB456TB1
20365,NDAR_INVRX411UC2
20366,NDAR_INVBL057YHX
20367,NDAR_INVTA998KJP
20368,NDAR_INVWW066GWG
20369,NDAR_INVEU193MVE
20370,NDAR_INVYC920TH7
20371,NDAR_INVBN920WUD
20372,NDAR_INVLP654NV0
20373,NDAR_INVWM351NF1
20374,NDAR_INVBH168JA9
20375,NDAR_INVKL688LEY
20376,NDAR_INVRV352DMF
20377,NDAR_INVRY303PT7
20378,NDAR_INVYJ048GMG
20379,NDAR_INVXN191KEL
20380,NDAR_INVRG523EKE
20381,NDAR_INVFR140EJB
20382,NDAR_INVYB672BMT
20383,NDAR_INVTU097PP2
20384,NDAR_INVMN205TBB
20385,NDAR_INVMB852ARF
20386,NDAR_INVWY757ZKE
20387,NDAR_INVHR439AL6
20388,NDAR_INVLM473PL1
20389,NDAR_INVNZ919HW6
20390,NDAR_INVPV755MJ2
20391,NDAR_INVDG795YM5
20392,NDAR_INVWJ264KJ8
20393,NDAR_INVYV448EJN
20394,NDAR_INVRL066TEY
20395,NDAR_INVJG993TH8
20396,NDAR_INVPM126NPM
20397,NDAR_INVZZ325JW0
20398,NDAR_INVBD725YU0
20399,NDAR_INVXW227RAZ
20400,NDAR_INVBE490YW7
20401,NDAR_INVGZ485EF7
20402,NDAR_INVHV588VK4
20403,NDAR_INVZW353LEH
20404,NDAR_INVJK692GKE
20405,NDAR_INVLX023BG2
20406,NDAR_INVTW268JAY
20407,NDAR_INVLU217VH3
20408,NDAR_INVMZ176GYB
20409,NDAR_INVLH699AXE
20410,NDAR_INVVD440BCZ
20411,NDAR_INVWX564CPE
20412,NDAR_INVKH732HL1
20413,NDAR_INVLU587KKP
20414,NDAR_INVYH922ZRA
20415,NDAR_INVRW555LPB
20416,NDAR_INVRP001NEZ
20417,NDAR_INVGT158FME
20418,NDAR_INVHF232CZ0
20419,NDAR_INVBA586YVP
20420,NDAR_INVNP710NJB
20421,NDAR_INVCE774VJQ
20422,NDAR_INVYW255UR7
20423,NDAR_INVYA915XA7
20424,NDAR_INVUP069NPU
20425,NDAR_INVNK001WUM
20426,NDAR_INVLV043AY8
20427,NDAR_INVVT146GVL
20428,NDAR_INVZA149ERB
20429,NDAR_INVUE534RU4
20430,NDAR_INVHG778GWW
20431,NDAR_INVFE691XEM
20432,NDAR_INVGB745AN9
20433,NDAR_INVFR403LVC
20434,NDAR_INVNL012FAU
20435,NDAR_INVPM534GKV
20436,NDAR_INVGH246CMW
20437,NDAR_INVDG164ZN7
20438,NDAR_INVZF522NP9
20439,NDAR_INVWK708PJE
20440,NDAR_INVTR737TPX
20441,NDAR_INVUJ664FWP
20442,NDAR_INVMC269EA3
20443,NDAR_INVNY254DB5
20444,NDAR_INVLJ018VFZ
20445,NDAR_INVME190PU1
20446,NDAR_INVRF548ETC
20447,NDAR_INVTM937UCA
20448,NDAR_INVVN481FAD
20449,NDAR_INVXN117XEV
20450,NDAR_INVUT631TM6
20451,NDAR_INVUL383JCL
20452,NDAR_INVXW057XME
20453,NDAR_INVEW967RBH
20454,NDAR_INVFU312HYZ
20455,NDAR_INVJD934JM2
20456,NDAR_INVCV935ZN4
20457,NDAR_INVPK904MZG
20458,NDAR_INVKA331CD7
20459,NDAR_INVBG312TY0
20460,NDAR_INVFR637FZQ
20461,NDAR_INVCT284UN4
20465,NDAR_INVMA586KVE
20468,NDAR_INVWK559DBE
20470,NDAR_INVYN461WM2
20472,NDAR_INVXW796HPJ
20475,NDAR_INVTA619JUH
20476,NDAR_INVNB897CG5
20478,NDAR_INVHM626LL5
15000,NDAR_INVFL624AMF
15001,NDAR_INVBR402BAU
15002,NDAR_INVCD121JJV
15003,NDAR_INVWG073WMU
15004,NDAR_INVKW137ENE
15005,NDAR_INVDR666MPK
15006,NDAR_INVXK817GYQ
15007,NDAR_INVHV520AD1
15008,NDAR_INVAR087JL7
15009,NDAR_INVCN982LPQ
15010,NDAR_INVJN485UNJ
15011,NDAR_INVZL905NWL
15012,NDAR_INVCB637PRK
15013,NDAR_INVVT092LVF
15014,NDAR_INVAH943WJA
15015,NDAR_INVAU342ZRY
15016,NDAR_INVHM638TH7
15017,NDAR_INVPM453WLR
15018,NDAR_INVDW609MMG
15019,NDAR_INVBU712BFT
15020,NDAR_INVKM172TGW
15021,NDAR_INVRC333ZP6
15022,NDAR_INVTK626CHK
15023,NDAR_INVDG225NPZ
15024,NDAR_INVEG035NT5
15025,NDAR_INVUG029CMC
15026,NDAR_INVMX622HFY
15027,NDAR_INVGN826XRB
15028,NDAR_INVVL841NM4
15029,NDAR_INVRW164NXV
15030,NDAR_INVXF260MCE
15031,NDAR_INVAL123RLZ
15032,NDAR_INVUJ066FW5
15033,NDAR_INVFD667PJ3
15034,NDAR_INVMV967MKR
15035,NDAR_INVPE485XNA
15036,NDAR_INVJT357DEV
15037,NDAR_INVUR231EW9
15038,NDAR_INVUH535YJ3
15039,NDAR_INVHB084BCK
15043,NDAR_INVNY506BUG
25000,NDAR_INVAW171ZB4
25001,NDAR_INVZF789CP1
25002,NDAR_INVVF271LJW
25003,NDAR_INVKB934YRA
25004,NDAR_INVFW501ZA4
25005,NDAR_INVDH660GPD
25006,NDAR_INVXE172PJW
25007,NDAR_INVGY985WL7
25008,NDAR_INVBB543NDH
25009,NDAR_INVKA200LA3
25010,NDAR_INVKP282KAL
25011,NDAR_INVKD084GHK
25012,NDAR_INVUY274PHX
25013,NDAR_INVDX509MLZ
25014,NDAR_INVVB618GDM
25015,NDAR_INVRD584NNK
25016,NDAR_INVVZ390HC2
25017,NDAR_INVBZ145LX2
25018,NDAR_INVTV146BYR
25019,NDAR_INVPP293RRF
25020,NDAR_INVWT430EY4
25021,NDAR_INVXY872CVC
25022,NDAR_INVCL954FXM
25023,NDAR_INVRH871CP7
25024,NDAR_INVHC828EP0
25025,NDAR_INVMZ490NCR
25026,NDAR_INVEV460GPE
25027,NDAR_INVHU493LYV
25028,NDAR_INVYF942DKP
25029,NDAR_INVYP062YWP
25030,NDAR_INVZU766KPP
25031,NDAR_INVVY773TAN
25032,NDAR_INVWA689ZJA
25033,NDAR_INVXF370EBL
25034,NDAR_INVAA938WAJ
25035,NDAR_INVXB268RXW
25036,NDAR_INVPR538KEP
25037,NDAR_INVDG700NXQ
25038,NDAR_INVGN969GEU
25039,NDAR_INVYE571DU3
25040,NDAR_INVKJ073MK3
25041,NDAR_INVAC532UGE
25042,NDAR_INVAB130KEL
25043,NDAR_INVAM162VRL
25044,NDAR_INVHT678DPZ
25045,NDAR_INVPR213VK9
25046,NDAR_INVZL251MY2
25047,NDAR_INVYR633TMJ
25048,NDAR_INVUN303ARD
25049,NDAR_INVBA218DT6
25050,NDAR_INVJK150JCX
25051,NDAR_INVKT809VVV
25052,NDAR_INVCD396DE2
25053,NDAR_INVPX859KTA
25054,NDAR_INVVD473VZN
25055,NDAR_INVPJ491JPG
25056,NDAR_INVGA534JFN
25057,NDAR_INVDB113CE9
25058,NDAR_INVCM171WDX
25059,NDAR_INVWV076XGJ
25060,NDAR_INVKT899MLP
25061,NDAR_INVKX910VBZ
25062,NDAR_INVCC765AK8
25063,NDAR_INVXA715YBV
25064,NDAR_INVRV393PK7
25065,NDAR_INVTW395EN0
25066,NDAR_INVXE097HVC
25067,NDAR_INVWH703WE3
25068,NDAR_INVVY680BFF
25069,NDAR_INVWF323TZ7
25070,NDAR_INVEV821KK8
25071,NDAR_INVVC769ZXR
25072,NDAR_INVMA769KZ5
25073,NDAR_INVYL427WKH
25074,NDAR_INVHP405KMR
25075,NDAR_INVFX239JTE
25076,NDAR_INVEA939GTB
25077,NDAR_INVBF409NTG
25078,NDAR_INVCX471CXH
25079,NDAR_INVCZ087WYZ
25080,NDAR_INVDP752UY9
25081,NDAR_INVMK493ALP
25082,NDAR_INVZY571YE1
25083,NDAR_INVDB543XP2
25084,NDAR_INVJJ180EJ2
25085,NDAR_INVNY022TT0
25086,NDAR_INVXZ580CKC
25087,NDAR_INVJB339AZ6
25088,NDAR_INVVA168HKL
25089,NDAR_INVFR331BX9
25090,NDAR_INVAU244ZG0
25091,NDAR_INVUH591ZE6
25092,NDAR_INVDM202CLU
25093,NDAR_INVHX049AF3
25094,NDAR_INVCF418XTB
25095,NDAR_INVTR001GWM
25096,NDAR_INVRF113XW1
25097,NDAR_INVFR223YMT
25098,NDAR_INVJT775PFV
25099,NDAR_INVVK598LCB
25100,NDAR_INVEH678KU1
25101,NDAR_INVHV254UZC
25102,NDAR_INVFG888FLA
25103,NDAR_INVVW196VYK
25104,NDAR_INVPV282BWN
25105,NDAR_INVTH925LYN
25106,NDAR_INVKP260MNV
25107,NDAR_INVYY169DVK
25108,NDAR_INVRR899XRD
25109,NDAR_INVLE782FF0
25110,NDAR_INVWR062PJ3
25111,NDAR_INVXZ368RV5
25112,NDAR_INVBK248FX5
25113,NDAR_INVYD319TYG
25114,NDAR_INVVE139EZB
25115,NDAR_INVEG758WZJ
25116,NDAR_INVNU863GL1
25117,NDAR_INVLT298KM0
25118,NDAR_INVDA731NCB
25119,NDAR_INVZY646APH
25120,NDAR_INVEV643UAA
25121,NDAR_INVEZ602BD7
25122,NDAR_INVKG406YG1
25123,NDAR_INVWZ875YXQ
25124,NDAR_INVKX813CHC
25125,NDAR_INVWH667TXH
25126,NDAR_INVDF223RPZ
25127,NDAR_INVZA495GKA
25128,NDAR_INVVH793FNT
25129,NDAR_INVYN735RR7
25130,NDAR_INVED898FP9
25131,NDAR_INVZF940ZRJ
25132,NDAR_INVDV589AGH
25133,NDAR_INVKG812HJ9
25134,NDAR_INVPZ191VR8
25135,NDAR_INVXV698RM3
25136,NDAR_INVHN565EMZ
25137,NDAR_INVEB359ZMW
25138,NDAR_INVKF313DUP
25139,NDAR_INVNE769LKC
25140,NDAR_INVHE133WA3
25141,NDAR_INVZN656VJ9
25142,NDAR_INVZP411TD8
25143,NDAR_INVDV288PBD
25144,NDAR_INVFM649WXW
25145,NDAR_INVHD335NDZ
25146,NDAR_INVTR905HAM
25147,NDAR_INVWJ155AT4
25148,NDAR_INVZH074DJ3
25149,NDAR_INVLK019BLA
25150,NDAR_INVKA200HBJ
25151,NDAR_INVAA358MKB
25152,NDAR_INVVC236JW8
25153,NDAR_INVAF674LAZ
25154,NDAR_INVMR754PXG
25155,NDAR_INVHN363WWH
25156,NDAR_INVAL878KCH
25157,NDAR_INVMB981HFL
25158,NDAR_INVKP425LDQ
25159,NDAR_INVJG399TFH
25160,NDAR_INVMD081LXX
25161,NDAR_INVNY536UH5
25162,NDAR_INVLL256EC9
25163,NDAR_INVBX210DX4
25164,NDAR_INVNK665DW7
25165,NDAR_INVFH484CU5
25166,NDAR_INVAE348XXD
25167,NDAR_INVNB703KJ7
25168,NDAR_INVWN906ZTW
25169,NDAR_INVKK251AVG
25170,NDAR_INVAE995LNW
25171,NDAR_INVTJ156LXA
25172,NDAR_INVFF972XH0
25173,NDAR_INVVM740BV6
25174,NDAR_INVER958WDY
25175,NDAR_INVHV579NGW
25176,NDAR_INVDN955HY3
25177,NDAR_INVLY792MCQ
25178,NDAR_INVNP968HVR
25179,NDAR_INVKG714PCM
25180,NDAR_INVYH512JK7
25181,NDAR_INVJT351TBY
25182,NDAR_INVWL314GN4
25183,NDAR_INVLJ719GVX
25184,NDAR_INVRG431CF6
25185,NDAR_INVXU657PZB
25186,NDAR_INVEB964FET
25187,NDAR_INVLR095MBT
25188,NDAR_INVRE471BTL
25189,NDAR_INVGY870KJB
25190,NDAR_INVRR130CU8
25191,NDAR_INVGV747TRE
25192,NDAR_INVBE129ZRB
25193,NDAR_INVZN034VV9
25194,NDAR_INVGN497UEC
25195,NDAR_INVYN563JTR
25196,NDAR_INVPV475NWH
25197,NDAR_INVRC500FVC
25198,NDAR_INVTH858MUW
25199,NDAR_INVUB106ZGB
25200,NDAR_INVXB259KL6
25201,NDAR_INVWG859VT6
25202,NDAR_INVJH086UEY
25203,NDAR_INVXR303YAW
25204,NDAR_INVJE378TFE
25205,NDAR_INVTC481VVX
25206,NDAR_INVFV336TB3
25207,NDAR_INVYV448EJN
25208,NDAR_INVTJ365HR3
25209,NDAR_INVVW815VAZ
25210,NDAR_INVKL210HVB
25211,NDAR_INVVG732PLV
25212,NDAR_INVFM866KHN
25213,NDAR_INVHN077WGX
25214,NDAR_INVEZ253GL1
25215,NDAR_INVTX485HUA
25216,NDAR_INVMB247HKC
25217,NDAR_INVZW108BZ7
25218,NDAR_INVXH106DAE
25219,NDAR_INVHM784HGU
25220,NDAR_INVVZ601JE4
25221,NDAR_INVVX697BPQ
25222,NDAR_INVNC388BZN
25223,NDAR_INVWR317AZX
25224,NDAR_INVGE319NB7
25225,NDAR_INVHD081RR2
25226,NDAR_INVCG411BE2
25227,NDAR_INVGX270GZT
25228,NDAR_INVJJ906GW8
25229,NDAR_INVKC786GDW
25230,NDAR_INVAW268NNH
25231,NDAR_INVKG727KCY
25232,NDAR_INVYT007PCE
25233,NDAR_INVGT995DWR
25234,NDAR_INVPD391DUG
25235,NDAR_INVTV066RFX
25236,NDAR_INVXF714LVP
25237,NDAR_INVLP736JX5
25238,NDAR_INVLT346ZNA
25239,NDAR_INVBZ663BGK
25240,NDAR_INVHH458CHG
25241,NDAR_INVUZ452PZE
25242,NDAR_INVGW205HBB
25243,NDAR_INVRG058PCK
25244,NDAR_INVTM255TCR
25245,NDAR_INVTA190AYG
25246,NDAR_INVPT003UAT
25247,NDAR_INVHF545RXU
25248,NDAR_INVFR749DPE
25249,NDAR_INVGP783BN5
25250,NDAR_INVRV154RB7
25251,NDAR_INVBC057RVE
25252,NDAR_INVUU943UEJ
25253,NDAR_INVVZ932XF1
25254,NDAR_INVHX131VR4
25255,NDAR_INVRR962KMX
25256,NDAR_INVHG180LWQ
25257,NDAR_INVXU114YB2
25258,NDAR_INVPF955BB7
25259,NDAR_INVVR964HAG
25260,NDAR_INVMA032HWD
25261,NDAR_INVHT855TRR
25262,NDAR_INVGV320WR9
25263,NDAR_INVEW845EPH
25264,NDAR_INVCM211CEE
25265,NDAR_INVPW630FU5
25266,NDAR_INVGD295EHL
25267,NDAR_INVMY691RVB
25268,NDAR_INVHE770GCV
25269,NDAR_INVUN075XFZ
25270,NDAR_INVJR219RRX
25271,NDAR_INVEX033AU9
25272,NDAR_INVWB505PZY
25273,NDAR_INVVK802JKX
25274,NDAR_INVCR702PAM
25275,NDAR_INVDB497XZT
25276,NDAR_INVAF038AU0
25277,NDAR_INVBR180FNR
25278,NDAR_INVVR739PGW
25279,NDAR_INVVA606EEM
25280,NDAR_INVYB465MR9
25281,NDAR_INVHB029HNK
25282,NDAR_INVPJ987YJ0
25283,NDAR_INVXM989HLW
25284,NDAR_INVMV803RR4
25285,NDAR_INVHH683TVK
25286,NDAR_INVXT705KFW
25287,NDAR_INVXM369MWK
25288,NDAR_INVWK611XUW
25289,NDAR_INVGF094CT5
25290,NDAR_INVFN521PU2
25291,NDAR_INVRA369ZDJ
25292,NDAR_INVXK685MMX
25293,NDAR_INVKP603EH1
25294,NDAR_INVZD724UDR
25295,NDAR_INVZR574TZA
25296,NDAR_INVHU620AJW
25297,NDAR_INVRP797WZG
25298,NDAR_INVEK237BM1
25299,NDAR_INVEM093XLR
25300,NDAR_INVTM115PDY
25301,NDAR_INVLE829MFK
25302,NDAR_INVTL228WE1
25303,NDAR_INVPN394BK9
25304,NDAR_INVZL233BB3
25305,NDAR_INVYT307XPG
25306,NDAR_INVGM707MLY
25307,NDAR_INVLK265WU8
25308,NDAR_INVVK332ZRZ
25309,NDAR_INVDT985FLY
25310,NDAR_INVHX702DVJ
25311,NDAR_INVVT403DTG
25312,NDAR_INVRB219ABW
25313,NDAR_INVAE625ZT7
25314,NDAR_INVVG107GKP
25315,NDAR_INVEW475FAP
25316,NDAR_INVUK878LJV
25317,NDAR_INVEY498DXW
25318,NDAR_INVTB034HA7
25319,NDAR_INVWK335UY5
25320,NDAR_INVBY687LH6
25321,NDAR_INVNH405DRP
25322,NDAR_INVAB796BED
25323,NDAR_INVLU156LW3
25324,NDAR_INVPH074DZ2
25325,NDAR_INVDY979LGR
25326,NDAR_INVJW130BV0
25327,NDAR_INVYZ455PUK
25328,NDAR_INVFN308PGA
25329,NDAR_INVEP455VUA
25330,NDAR_INVFE723GPL
25331,NDAR_INVLJ473HAE
25332,NDAR_INVKH908YV0
25333,NDAR_INVPD446TT0
25334,NDAR_INVMV798EED
25335,NDAR_INVWV641TPR
25349,NDAR_INVRG252ZX4
